,project_id,total_author,total_commit_project,author_id,total_commit_author,percent,contributor,max,ownership
0,11161411,1,849,1377485,849,100.0,Major,100.0,Yes
1,26427893,10,1226,431014,29,2.365415986949429,Minor,62.88743882544861,No
2,26427893,10,1226,3299666,7,0.5709624796084829,Minor,62.88743882544861,No
3,26427893,10,1226,8519223,107,8.727569331158238,Major,62.88743882544861,No
4,26427893,10,1226,9301274,9,0.734094616639478,Minor,62.88743882544861,No
5,26427893,10,1226,9621186,771,62.88743882544861,Major,62.88743882544861,Yes
6,26427893,10,1226,10928528,277,22.59380097879282,Major,62.88743882544861,No
7,26427893,10,1226,34665459,9,0.734094616639478,Minor,62.88743882544861,No
8,26427893,10,1226,37652814,6,0.4893964110929853,Minor,62.88743882544861,No
9,26427893,10,1226,40697668,2,0.1631321370309951,Minor,62.88743882544861,No
10,26427893,10,1226,44588932,9,0.734094616639478,Minor,62.88743882544861,No
11,27472783,26,1283,111164,2,0.1558846453624318,Minor,44.27123928293063,No
12,27472783,26,1283,379871,35,2.7279812938425567,Minor,44.27123928293063,No
13,27472783,26,1283,585395,7,0.5455962587685113,Minor,44.27123928293063,No
14,27472783,26,1283,731616,5,0.3897116134060795,Minor,44.27123928293063,No
15,27472783,26,1283,1051631,5,0.3897116134060795,Minor,44.27123928293063,No
16,27472783,26,1283,1455830,17,1.3250194855806703,Minor,44.27123928293063,No
17,27472783,26,1283,2823636,568,44.27123928293063,Major,44.27123928293063,Yes
18,27472783,26,1283,2835021,9,0.7014809041309431,Minor,44.27123928293063,No
19,27472783,26,1283,2931483,149,11.61340607950117,Major,44.27123928293063,No
20,27472783,26,1283,3384277,3,0.2338269680436477,Minor,44.27123928293063,No
21,27472783,26,1283,3873764,5,0.3897116134060795,Minor,44.27123928293063,No
22,27472783,26,1283,4302753,2,0.1558846453624318,Minor,44.27123928293063,No
23,27472783,26,1283,6234800,11,0.857365549493375,Minor,44.27123928293063,No
24,27472783,26,1283,6735932,3,0.2338269680436477,Minor,44.27123928293063,No
25,27472783,26,1283,8101976,111,8.651597817614965,Major,44.27123928293063,No
26,27472783,26,1283,10058563,7,0.5455962587685113,Minor,44.27123928293063,No
27,27472783,26,1283,10347624,3,0.2338269680436477,Minor,44.27123928293063,No
28,27472783,26,1283,10358033,91,7.092751363990647,Major,44.27123928293063,No
29,27472783,26,1283,10452892,128,9.976617303195635,Major,44.27123928293063,No
30,27472783,26,1283,12262979,2,0.1558846453624318,Minor,44.27123928293063,No
31,27472783,26,1283,30699741,24,1.8706157443491815,Minor,44.27123928293063,No
32,27472783,26,1283,30752854,2,0.1558846453624318,Minor,44.27123928293063,No
33,27472783,26,1283,33710280,13,1.0132501948558068,Minor,44.27123928293063,No
34,27472783,26,1283,37713417,15,1.1691348402182384,Minor,44.27123928293063,No
35,27472783,26,1283,38873174,62,4.832424006235386,Minor,44.27123928293063,No
36,27472783,26,1283,51640695,4,0.3117692907248636,Minor,44.27123928293063,No
37,27489574,17,1734,77302,15,0.8650519031141869,Minor,31.60322952710496,No
38,27489574,17,1734,92696,1,0.05767012687427912,Minor,31.60322952710496,No
39,27489574,17,1734,121009,1,0.05767012687427912,Minor,31.60322952710496,No
40,27489574,17,1734,230603,4,0.2306805074971165,Minor,31.60322952710496,No
41,27489574,17,1734,826332,1,0.05767012687427912,Minor,31.60322952710496,No
42,27489574,17,1734,1816437,2,0.11534025374855825,Minor,31.60322952710496,No
43,27489574,17,1734,2464962,18,1.0380622837370241,Minor,31.60322952710496,No
44,27489574,17,1734,2538889,2,0.11534025374855825,Minor,31.60322952710496,No
45,27489574,17,1734,2709375,6,0.3460207612456747,Minor,31.60322952710496,No
46,27489574,17,1734,2865764,1,0.05767012687427912,Minor,31.60322952710496,No
47,27489574,17,1734,3092894,452,26.066897347174162,Major,31.60322952710496,No
48,27489574,17,1734,3161753,37,2.1337946943483277,Minor,31.60322952710496,No
49,27489574,17,1734,3505783,14,0.8073817762399077,Minor,31.60322952710496,No
50,27489574,17,1734,5559993,466,26.874279123414073,Major,31.60322952710496,No
51,27489574,17,1734,6793148,164,9.457900807381776,Major,31.60322952710496,No
52,27489574,17,1734,7018574,2,0.11534025374855825,Minor,31.60322952710496,No
53,27489574,17,1734,7226030,548,31.60322952710496,Major,31.60322952710496,Yes
54,27496810,11,1524,185933,18,1.1811023622047243,Minor,29.79002624671916,No
55,27496810,11,1524,3606030,2,0.13123359580052493,Minor,29.79002624671916,No
56,27496810,11,1524,7914627,120,7.874015748031496,Major,29.79002624671916,No
57,27496810,11,1524,10179626,188,12.335958005249344,Major,29.79002624671916,No
58,27496810,11,1524,10388468,72,4.724409448818897,Minor,29.79002624671916,No
59,27496810,11,1524,11162864,454,29.79002624671916,Major,29.79002624671916,Yes
60,27496810,11,1524,11846809,307,20.144356955380577,Major,29.79002624671916,No
61,27496810,11,1524,31912515,202,13.254593175853019,Major,29.79002624671916,No
62,27496810,11,1524,32787469,75,4.921259842519685,Minor,29.79002624671916,No
63,27496810,11,1524,35594804,84,5.511811023622047,Major,29.79002624671916,No
64,27496810,11,1524,36266650,2,0.13123359580052493,Minor,29.79002624671916,No
65,27940657,1,622,3129544,622,100.0,Major,100.0,Yes
66,28261590,5,778,683027,139,17.866323907455012,Major,56.16966580976864,No
67,28261590,5,778,2237416,437,56.16966580976864,Major,56.16966580976864,Yes
68,28261590,5,778,3377569,3,0.3856041131105398,Minor,56.16966580976864,No
69,28261590,5,778,7879963,112,14.395886889460154,Major,56.16966580976864,No
70,28261590,5,778,8866257,87,11.182519280205655,Major,56.16966580976864,No
71,28420571,26,7444,6,58,0.7791509940891993,Minor,44.680279419666846,No
72,28420571,26,7444,11,122,1.6389038151531434,Minor,44.680279419666846,No
73,28420571,26,7444,18,26,0.3492745835572273,Minor,44.680279419666846,No
74,28420571,26,7444,27585,5,0.06716818914562063,Minor,44.680279419666846,No
75,28420571,26,7444,83717,5,0.06716818914562063,Minor,44.680279419666846,No
76,28420571,26,7444,280868,4,0.05373455131649651,Minor,44.680279419666846,No
77,28420571,26,7444,2154533,114,1.5314347125201504,Minor,44.680279419666846,No
78,28420571,26,7444,2279519,3326,44.680279419666846,Major,44.680279419666846,Yes
79,28420571,26,7444,3212479,2,0.026867275658248254,Minor,44.680279419666846,No
80,28420571,26,7444,3992646,2,0.026867275658248254,Minor,44.680279419666846,No
81,28420571,26,7444,5458821,2,0.026867275658248254,Minor,44.680279419666846,No
82,28420571,26,7444,5856537,24,0.32240730789897903,Minor,44.680279419666846,No
83,28420571,26,7444,6907587,1,0.013433637829124127,Minor,44.680279419666846,No
84,28420571,26,7444,7549792,432,5.803331542181623,Major,44.680279419666846,No
85,28420571,26,7444,7829474,2,0.026867275658248254,Minor,44.680279419666846,No
86,28420571,26,7444,10410284,20,0.2686727565824825,Minor,44.680279419666846,No
87,28420571,26,7444,10425530,373,5.0107469102632995,Major,44.680279419666846,No
88,28420571,26,7444,10478814,2457,33.00644814615798,Major,44.680279419666846,No
89,28420571,26,7444,10492493,161,2.1628156904889844,Minor,44.680279419666846,No
90,28420571,26,7444,10577336,13,0.17463729177861365,Minor,44.680279419666846,No
91,28420571,26,7444,11684513,2,0.026867275658248254,Minor,44.680279419666846,No
92,28420571,26,7444,13274039,186,2.4986566362170874,Minor,44.680279419666846,No
93,28420571,26,7444,13672575,40,0.537345513164965,Minor,44.680279419666846,No
94,28420571,26,7444,32008522,3,0.04030091348737238,Minor,44.680279419666846,No
95,28420571,26,7444,34611091,41,0.5507791509940893,Minor,44.680279419666846,No
96,28420571,26,7444,38749549,23,0.30897367006985493,Minor,44.680279419666846,No
97,28687875,6,655,302129,4,0.6106870229007634,Minor,53.89312977099237,No
98,28687875,6,655,1785969,3,0.4580152671755725,Minor,53.89312977099237,No
99,28687875,6,655,3293314,128,19.541984732824428,Major,53.89312977099237,No
100,28687875,6,655,3549488,24,3.66412213740458,Minor,53.89312977099237,No
101,28687875,6,655,3571110,143,21.83206106870229,Major,53.89312977099237,No
102,28687875,6,655,6589863,353,53.89312977099237,Major,53.89312977099237,Yes
103,28884786,68,1080,112711,2,0.18518518518518517,Minor,40.648148148148145,No
104,28884786,68,1080,121580,1,0.09259259259259259,Minor,40.648148148148145,No
105,28884786,68,1080,262687,1,0.09259259259259259,Minor,40.648148148148145,No
106,28884786,68,1080,280536,13,1.2037037037037037,Minor,40.648148148148145,No
107,28884786,68,1080,339854,27,2.5,Minor,40.648148148148145,No
108,28884786,68,1080,431435,439,40.648148148148145,Major,40.648148148148145,Yes
109,28884786,68,1080,499800,1,0.09259259259259259,Minor,40.648148148148145,No
110,28884786,68,1080,666495,1,0.09259259259259259,Minor,40.648148148148145,No
111,28884786,68,1080,1683632,25,2.314814814814815,Minor,40.648148148148145,No
112,28884786,68,1080,1788921,2,0.18518518518518517,Minor,40.648148148148145,No
113,28884786,68,1080,1904354,11,1.0185185185185186,Minor,40.648148148148145,No
114,28884786,68,1080,2219509,3,0.2777777777777778,Minor,40.648148148148145,No
115,28884786,68,1080,3181786,4,0.37037037037037035,Minor,40.648148148148145,No
116,28884786,68,1080,3217199,221,20.462962962962962,Major,40.648148148148145,No
117,28884786,68,1080,3476737,2,0.18518518518518517,Minor,40.648148148148145,No
118,28884786,68,1080,3763486,1,0.09259259259259259,Minor,40.648148148148145,No
119,28884786,68,1080,4759889,16,1.4814814814814814,Minor,40.648148148148145,No
120,28884786,68,1080,5444098,14,1.2962962962962963,Minor,40.648148148148145,No
121,28884786,68,1080,5926306,1,0.09259259259259259,Minor,40.648148148148145,No
122,28884786,68,1080,6616034,1,0.09259259259259259,Minor,40.648148148148145,No
123,28884786,68,1080,6893142,5,0.46296296296296297,Minor,40.648148148148145,No
124,28884786,68,1080,6961756,1,0.09259259259259259,Minor,40.648148148148145,No
125,28884786,68,1080,7037968,2,0.18518518518518517,Minor,40.648148148148145,No
126,28884786,68,1080,7103772,9,0.8333333333333334,Minor,40.648148148148145,No
127,28884786,68,1080,7271738,3,0.2777777777777778,Minor,40.648148148148145,No
128,28884786,68,1080,7507843,2,0.18518518518518517,Minor,40.648148148148145,No
129,28884786,68,1080,8211624,18,1.6666666666666667,Minor,40.648148148148145,No
130,28884786,68,1080,8582453,3,0.2777777777777778,Minor,40.648148148148145,No
131,28884786,68,1080,9061264,3,0.2777777777777778,Minor,40.648148148148145,No
132,28884786,68,1080,9529758,1,0.09259259259259259,Minor,40.648148148148145,No
133,28884786,68,1080,9708046,1,0.09259259259259259,Minor,40.648148148148145,No
134,28884786,68,1080,10056862,118,10.925925925925926,Major,40.648148148148145,No
135,28884786,68,1080,10149527,9,0.8333333333333334,Minor,40.648148148148145,No
136,28884786,68,1080,10585893,1,0.09259259259259259,Minor,40.648148148148145,No
137,28884786,68,1080,10633086,4,0.37037037037037035,Minor,40.648148148148145,No
138,28884786,68,1080,10952627,1,0.09259259259259259,Minor,40.648148148148145,No
139,28884786,68,1080,11184839,2,0.18518518518518517,Minor,40.648148148148145,No
140,28884786,68,1080,11622130,12,1.1111111111111112,Minor,40.648148148148145,No
141,28884786,68,1080,11783952,1,0.09259259259259259,Minor,40.648148148148145,No
142,28884786,68,1080,11963681,1,0.09259259259259259,Minor,40.648148148148145,No
143,28884786,68,1080,12056226,6,0.5555555555555556,Minor,40.648148148148145,No
144,28884786,68,1080,12445007,1,0.09259259259259259,Minor,40.648148148148145,No
145,28884786,68,1080,13220879,1,0.09259259259259259,Minor,40.648148148148145,No
146,28884786,68,1080,13439479,4,0.37037037037037035,Minor,40.648148148148145,No
147,28884786,68,1080,19436592,1,0.09259259259259259,Minor,40.648148148148145,No
148,28884786,68,1080,20267819,1,0.09259259259259259,Minor,40.648148148148145,No
149,28884786,68,1080,25886618,4,0.37037037037037035,Minor,40.648148148148145,No
150,28884786,68,1080,30382067,10,0.9259259259259259,Minor,40.648148148148145,No
151,28884786,68,1080,30719559,4,0.37037037037037035,Minor,40.648148148148145,No
152,28884786,68,1080,31268303,1,0.09259259259259259,Minor,40.648148148148145,No
153,28884786,68,1080,31488487,7,0.6481481481481481,Minor,40.648148148148145,No
154,28884786,68,1080,31576434,1,0.09259259259259259,Minor,40.648148148148145,No
155,28884786,68,1080,31877749,1,0.09259259259259259,Minor,40.648148148148145,No
156,28884786,68,1080,32135615,2,0.18518518518518517,Minor,40.648148148148145,No
157,28884786,68,1080,32137134,5,0.46296296296296297,Minor,40.648148148148145,No
158,28884786,68,1080,32907810,2,0.18518518518518517,Minor,40.648148148148145,No
159,28884786,68,1080,33717210,1,0.09259259259259259,Minor,40.648148148148145,No
160,28884786,68,1080,33778386,2,0.18518518518518517,Minor,40.648148148148145,No
161,28884786,68,1080,34229893,4,0.37037037037037035,Minor,40.648148148148145,No
162,28884786,68,1080,34886996,4,0.37037037037037035,Minor,40.648148148148145,No
163,28884786,68,1080,38298088,2,0.18518518518518517,Minor,40.648148148148145,No
164,28884786,68,1080,38641952,3,0.2777777777777778,Minor,40.648148148148145,No
165,28884786,68,1080,40360547,1,0.09259259259259259,Minor,40.648148148148145,No
166,28884786,68,1080,41336714,18,1.6666666666666667,Minor,40.648148148148145,No
167,28884786,68,1080,42122363,2,0.18518518518518517,Minor,40.648148148148145,No
168,28884786,68,1080,42611636,7,0.6481481481481481,Minor,40.648148148148145,No
169,28884786,68,1080,48790243,1,0.09259259259259259,Minor,40.648148148148145,No
170,28884786,68,1080,50365574,1,0.09259259259259259,Minor,40.648148148148145,No
171,29026813,2,22,9542417,20,90.9090909090909,Major,90.9090909090909,Yes
172,29026813,2,22,41582153,2,9.090909090909092,Major,90.9090909090909,No
173,29126205,1,933,1246150,933,100.0,Major,100.0,Yes
174,29379373,24,1042,6059,1,0.09596928982725528,Minor,24.856046065259118,No
175,29379373,24,1042,16618,2,0.19193857965451055,Minor,24.856046065259118,No
176,29379373,24,1042,428910,11,1.055662188099808,Minor,24.856046065259118,No
177,29379373,24,1042,440305,7,0.6717850287907869,Minor,24.856046065259118,No
178,29379373,24,1042,494483,259,24.856046065259118,Major,24.856046065259118,Yes
179,29379373,24,1042,891160,12,1.1516314779270633,Minor,24.856046065259118,No
180,29379373,24,1042,1191121,68,6.525911708253359,Major,24.856046065259118,No
181,29379373,24,1042,2981804,88,8.445297504798464,Major,24.856046065259118,No
182,29379373,24,1042,3042340,5,0.4798464491362764,Minor,24.856046065259118,No
183,29379373,24,1042,3308320,5,0.4798464491362764,Minor,24.856046065259118,No
184,29379373,24,1042,3347277,81,7.773512476007678,Major,24.856046065259118,No
185,29379373,24,1042,4878759,145,13.915547024952016,Major,24.856046065259118,No
186,29379373,24,1042,4998431,47,4.5105566218809985,Minor,24.856046065259118,No
187,29379373,24,1042,6633643,3,0.28790786948176583,Minor,24.856046065259118,No
188,29379373,24,1042,6955500,93,8.925143953934741,Major,24.856046065259118,No
189,29379373,24,1042,8188795,60,5.758157389635317,Major,24.856046065259118,No
190,29379373,24,1042,9172970,25,2.399232245681382,Minor,24.856046065259118,No
191,29379373,24,1042,10115538,38,3.6468330134357005,Minor,24.856046065259118,No
192,29379373,24,1042,10604386,6,0.5758157389635317,Minor,24.856046065259118,No
193,29379373,24,1042,10634868,18,1.727447216890595,Minor,24.856046065259118,No
194,29379373,24,1042,13119332,41,3.9347408829174664,Minor,24.856046065259118,No
195,29379373,24,1042,30378129,7,0.6717850287907869,Minor,24.856046065259118,No
196,29379373,24,1042,32791392,5,0.4798464491362764,Minor,24.856046065259118,No
197,29379373,24,1042,33299634,15,1.4395393474088292,Minor,24.856046065259118,No
198,29817913,3,959,3864918,923,96.2460896767466,Major,96.2460896767466,Yes
199,29817913,3,959,8720413,10,1.0427528675703859,Minor,96.2460896767466,No
200,29817913,3,959,33207157,26,2.711157455683003,Minor,96.2460896767466,No
201,30169075,22,549,43395,15,2.73224043715847,Minor,84.3351548269581,No
202,30169075,22,549,51464,5,0.9107468123861566,Minor,84.3351548269581,No
203,30169075,22,549,65011,4,0.7285974499089253,Minor,84.3351548269581,No
204,30169075,22,549,81933,1,0.18214936247723132,Minor,84.3351548269581,No
205,30169075,22,549,263230,3,0.546448087431694,Minor,84.3351548269581,No
206,30169075,22,549,349292,4,0.7285974499089253,Minor,84.3351548269581,No
207,30169075,22,549,535536,4,0.7285974499089253,Minor,84.3351548269581,No
208,30169075,22,549,565932,1,0.18214936247723132,Minor,84.3351548269581,No
209,30169075,22,549,1462944,7,1.2750455373406193,Minor,84.3351548269581,No
210,30169075,22,549,1815626,1,0.18214936247723132,Minor,84.3351548269581,No
211,30169075,22,549,1891298,1,0.18214936247723132,Minor,84.3351548269581,No
212,30169075,22,549,1934671,463,84.3351548269581,Major,84.3351548269581,Yes
213,30169075,22,549,2356328,15,2.73224043715847,Minor,84.3351548269581,No
214,30169075,22,549,2922462,5,0.9107468123861566,Minor,84.3351548269581,No
215,30169075,22,549,3460369,1,0.18214936247723132,Minor,84.3351548269581,No
216,30169075,22,549,4446176,1,0.18214936247723132,Minor,84.3351548269581,No
217,30169075,22,549,4622362,3,0.546448087431694,Minor,84.3351548269581,No
218,30169075,22,549,5785518,7,1.2750455373406193,Minor,84.3351548269581,No
219,30169075,22,549,7280075,1,0.18214936247723132,Minor,84.3351548269581,No
220,30169075,22,549,9510716,5,0.9107468123861566,Minor,84.3351548269581,No
221,30169075,22,549,11520874,1,0.18214936247723132,Minor,84.3351548269581,No
222,30169075,22,549,17939277,1,0.18214936247723132,Minor,84.3351548269581,No
223,31015510,11,946,51295,4,0.42283298097251587,Minor,43.12896405919662,No
224,31015510,11,946,55173,282,29.80972515856237,Major,43.12896405919662,No
225,31015510,11,946,55190,130,13.742071881606766,Major,43.12896405919662,No
226,31015510,11,946,153597,408,43.12896405919662,Major,43.12896405919662,Yes
227,31015510,11,946,2554935,60,6.342494714587738,Major,43.12896405919662,No
228,31015510,11,946,3594250,6,0.6342494714587738,Minor,43.12896405919662,No
229,31015510,11,946,7730437,3,0.3171247357293869,Minor,43.12896405919662,No
230,31015510,11,946,7820434,8,0.8456659619450317,Minor,43.12896405919662,No
231,31015510,11,946,8325014,2,0.21141649048625794,Minor,43.12896405919662,No
232,31015510,11,946,10328397,2,0.21141649048625794,Minor,43.12896405919662,No
233,31015510,11,946,31045607,41,4.334038054968287,Minor,43.12896405919662,No
234,31030536,2,1148,9412500,1,0.08710801393728224,Minor,99.91289198606272,No
235,31030536,2,1148,11151126,1147,99.91289198606272,Major,99.91289198606272,Yes
236,31069027,11,853,6059,5,0.5861664712778429,Minor,59.788980070339974,No
237,31069027,11,853,1451841,74,8.675263774912075,Major,59.788980070339974,No
238,31069027,11,853,4250693,510,59.788980070339974,Major,59.788980070339974,Yes
239,31069027,11,853,4276291,105,12.3094958968347,Major,59.788980070339974,No
240,31069027,11,853,7523504,70,8.206330597889801,Major,59.788980070339974,No
241,31069027,11,853,8800835,54,6.330597889800703,Major,59.788980070339974,No
242,31069027,11,853,10984633,2,0.23446658851113716,Minor,59.788980070339974,No
243,31069027,11,853,12410987,2,0.23446658851113716,Minor,59.788980070339974,No
244,31069027,11,853,30395485,9,1.0550996483001172,Minor,59.788980070339974,No
245,31069027,11,853,46248144,17,1.9929660023446658,Minor,59.788980070339974,No
246,31069027,11,853,48630557,5,0.5861664712778429,Minor,59.788980070339974,No
247,31125446,1,423,9730777,423,100.0,Major,100.0,Yes
248,31400029,9,1141,6059,1,0.0876424189307625,Minor,47.765118317265554,No
249,31400029,9,1141,747465,11,0.9640666082383874,Minor,47.765118317265554,No
250,31400029,9,1141,1449312,313,27.43207712532866,Major,47.765118317265554,No
251,31400029,9,1141,2069912,33,2.892199824715162,Minor,47.765118317265554,No
252,31400029,9,1141,5083778,545,47.765118317265554,Major,47.765118317265554,Yes
253,31400029,9,1141,7045722,132,11.568799298860649,Major,47.765118317265554,No
254,31400029,9,1141,11000206,2,0.175284837861525,Minor,47.765118317265554,No
255,31400029,9,1141,11251179,1,0.0876424189307625,Minor,47.765118317265554,No
256,31400029,9,1141,42237123,103,9.027169149868536,Major,47.765118317265554,No
257,31657027,15,2094,7041,149,7.115568290353391,Major,60.60171919770774,No
258,31657027,15,2094,103640,10,0.4775549188156638,Minor,60.60171919770774,No
259,31657027,15,2094,170523,51,2.4355300859598854,Minor,60.60171919770774,No
260,31657027,15,2094,1224367,1,0.04775549188156638,Minor,60.60171919770774,No
261,31657027,15,2094,1728305,10,0.4775549188156638,Minor,60.60171919770774,No
262,31657027,15,2094,2746885,1,0.04775549188156638,Minor,60.60171919770774,No
263,31657027,15,2094,3200429,1269,60.60171919770774,Major,60.60171919770774,Yes
264,31657027,15,2094,4267713,1,0.04775549188156638,Minor,60.60171919770774,No
265,31657027,15,2094,7059200,1,0.04775549188156638,Minor,60.60171919770774,No
266,31657027,15,2094,8226459,24,1.146131805157593,Minor,60.60171919770774,No
267,31657027,15,2094,8405087,78,3.7249283667621778,Minor,60.60171919770774,No
268,31657027,15,2094,8492690,291,13.896848137535816,Major,60.60171919770774,No
269,31657027,15,2094,9302596,177,8.45272206303725,Major,60.60171919770774,No
270,31657027,15,2094,14235246,19,0.9073543457497613,Minor,60.60171919770774,No
271,31657027,15,2094,49082095,12,0.5730659025787965,Minor,60.60171919770774,No
272,32552050,3,621,3905805,53,8.53462157809984,Major,62.47987117552335,No
273,32552050,3,621,8820022,388,62.47987117552335,Major,62.47987117552335,Yes
274,32552050,3,621,11598965,180,28.985507246376812,Major,62.47987117552335,No
275,34561609,1,846,6190992,846,100.0,Major,100.0,Yes
276,34600889,3,517,305897,514,99.41972920696325,Major,99.41972920696325,Yes
277,34600889,3,517,4102336,1,0.19342359767891681,Minor,99.41972920696325,No
278,34600889,3,517,8704244,2,0.38684719535783363,Minor,99.41972920696325,No
279,35149818,1,576,8658508,576,100.0,Major,100.0,Yes
280,36761320,6,1124,362454,861,76.60142348754448,Major,76.60142348754448,Yes
281,36761320,6,1124,671144,165,14.679715302491104,Major,76.60142348754448,No
282,36761320,6,1124,1730678,15,1.3345195729537367,Minor,76.60142348754448,No
283,36761320,6,1124,4038471,60,5.338078291814947,Major,76.60142348754448,No
284,36761320,6,1124,4038472,1,0.08896797153024912,Minor,76.60142348754448,No
285,36761320,6,1124,9345699,22,1.9572953736654803,Minor,76.60142348754448,No
286,40955019,5,508,284947,1,0.1968503937007874,Minor,46.25984251968504,No
287,40955019,5,508,2123592,133,26.181102362204726,Major,46.25984251968504,No
288,40955019,5,508,6207438,235,46.25984251968504,Major,46.25984251968504,Yes
289,40955019,5,508,8066196,2,0.3937007874015748,Minor,46.25984251968504,No
290,40955019,5,508,8689354,137,26.968503937007874,Major,46.25984251968504,No
291,41010830,1,565,6103130,565,100.0,Major,100.0,Yes
292,41339733,1,688,176825,688,100.0,Major,100.0,Yes
293,47754491,2,764,6059,299,39.13612565445026,Major,60.86387434554974,No
294,47754491,2,764,13725662,465,60.86387434554974,Major,60.86387434554974,Yes
295,47838894,110,1792,2903,2,0.11160714285714286,Minor,85.65848214285714,No
296,47838894,110,1792,9233,1,0.05580357142857143,Minor,85.65848214285714,No
297,47838894,110,1792,28712,2,0.11160714285714286,Minor,85.65848214285714,No
298,47838894,110,1792,103167,27,1.5066964285714286,Minor,85.65848214285714,No
299,47838894,110,1792,175213,1,0.05580357142857143,Minor,85.65848214285714,No
300,47838894,110,1792,213025,5,0.27901785714285715,Minor,85.65848214285714,No
301,47838894,110,1792,265038,1,0.05580357142857143,Minor,85.65848214285714,No
302,47838894,110,1792,283083,1,0.05580357142857143,Minor,85.65848214285714,No
303,47838894,110,1792,293979,2,0.11160714285714286,Minor,85.65848214285714,No
304,47838894,110,1792,307778,1,0.05580357142857143,Minor,85.65848214285714,No
305,47838894,110,1792,312857,7,0.390625,Minor,85.65848214285714,No
306,47838894,110,1792,314843,1,0.05580357142857143,Minor,85.65848214285714,No
307,47838894,110,1792,323541,3,0.16741071428571427,Minor,85.65848214285714,No
308,47838894,110,1792,352519,1,0.05580357142857143,Minor,85.65848214285714,No
309,47838894,110,1792,383951,1,0.05580357142857143,Minor,85.65848214285714,No
310,47838894,110,1792,401496,1,0.05580357142857143,Minor,85.65848214285714,No
311,47838894,110,1792,562976,2,0.11160714285714286,Minor,85.65848214285714,No
312,47838894,110,1792,581777,5,0.27901785714285715,Minor,85.65848214285714,No
313,47838894,110,1792,670546,3,0.16741071428571427,Minor,85.65848214285714,No
314,47838894,110,1792,680879,1,0.05580357142857143,Minor,85.65848214285714,No
315,47838894,110,1792,746815,4,0.22321428571428573,Minor,85.65848214285714,No
316,47838894,110,1792,752871,2,0.11160714285714286,Minor,85.65848214285714,No
317,47838894,110,1792,930912,2,0.11160714285714286,Minor,85.65848214285714,No
318,47838894,110,1792,1030603,1,0.05580357142857143,Minor,85.65848214285714,No
319,47838894,110,1792,1179543,1,0.05580357142857143,Minor,85.65848214285714,No
320,47838894,110,1792,1215100,6,0.33482142857142855,Minor,85.65848214285714,No
321,47838894,110,1792,1276772,2,0.11160714285714286,Minor,85.65848214285714,No
322,47838894,110,1792,1406941,1535,85.65848214285714,Major,85.65848214285714,Yes
323,47838894,110,1792,1535784,1,0.05580357142857143,Minor,85.65848214285714,No
324,47838894,110,1792,1558878,1,0.05580357142857143,Minor,85.65848214285714,No
325,47838894,110,1792,1592617,1,0.05580357142857143,Minor,85.65848214285714,No
326,47838894,110,1792,1874658,1,0.05580357142857143,Minor,85.65848214285714,No
327,47838894,110,1792,2039115,2,0.11160714285714286,Minor,85.65848214285714,No
328,47838894,110,1792,2237009,2,0.11160714285714286,Minor,85.65848214285714,No
329,47838894,110,1792,2266269,1,0.05580357142857143,Minor,85.65848214285714,No
330,47838894,110,1792,2335130,4,0.22321428571428573,Minor,85.65848214285714,No
331,47838894,110,1792,2473673,2,0.11160714285714286,Minor,85.65848214285714,No
332,47838894,110,1792,2747992,3,0.16741071428571427,Minor,85.65848214285714,No
333,47838894,110,1792,3091942,1,0.05580357142857143,Minor,85.65848214285714,No
334,47838894,110,1792,3107528,1,0.05580357142857143,Minor,85.65848214285714,No
335,47838894,110,1792,3238270,2,0.11160714285714286,Minor,85.65848214285714,No
336,47838894,110,1792,3250952,2,0.11160714285714286,Minor,85.65848214285714,No
337,47838894,110,1792,3384244,1,0.05580357142857143,Minor,85.65848214285714,No
338,47838894,110,1792,3384494,1,0.05580357142857143,Minor,85.65848214285714,No
339,47838894,110,1792,3453501,2,0.11160714285714286,Minor,85.65848214285714,No
340,47838894,110,1792,3520781,2,0.11160714285714286,Minor,85.65848214285714,No
341,47838894,110,1792,3601380,3,0.16741071428571427,Minor,85.65848214285714,No
342,47838894,110,1792,3635598,1,0.05580357142857143,Minor,85.65848214285714,No
343,47838894,110,1792,3803628,1,0.05580357142857143,Minor,85.65848214285714,No
344,47838894,110,1792,4022573,10,0.5580357142857143,Minor,85.65848214285714,No
345,47838894,110,1792,4025752,2,0.11160714285714286,Minor,85.65848214285714,No
346,47838894,110,1792,4189018,2,0.11160714285714286,Minor,85.65848214285714,No
347,47838894,110,1792,4256631,5,0.27901785714285715,Minor,85.65848214285714,No
348,47838894,110,1792,4400345,2,0.11160714285714286,Minor,85.65848214285714,No
349,47838894,110,1792,4448629,1,0.05580357142857143,Minor,85.65848214285714,No
350,47838894,110,1792,5027465,1,0.05580357142857143,Minor,85.65848214285714,No
351,47838894,110,1792,6856898,1,0.05580357142857143,Minor,85.65848214285714,No
352,47838894,110,1792,7423915,7,0.390625,Minor,85.65848214285714,No
353,47838894,110,1792,7478883,1,0.05580357142857143,Minor,85.65848214285714,No
354,47838894,110,1792,7713122,1,0.05580357142857143,Minor,85.65848214285714,No
355,47838894,110,1792,7719570,1,0.05580357142857143,Minor,85.65848214285714,No
356,47838894,110,1792,8213127,1,0.05580357142857143,Minor,85.65848214285714,No
357,47838894,110,1792,8510222,2,0.11160714285714286,Minor,85.65848214285714,No
358,47838894,110,1792,8767531,1,0.05580357142857143,Minor,85.65848214285714,No
359,47838894,110,1792,8866816,1,0.05580357142857143,Minor,85.65848214285714,No
360,47838894,110,1792,9409675,1,0.05580357142857143,Minor,85.65848214285714,No
361,47838894,110,1792,9653766,1,0.05580357142857143,Minor,85.65848214285714,No
362,47838894,110,1792,10271339,5,0.27901785714285715,Minor,85.65848214285714,No
363,47838894,110,1792,10650777,2,0.11160714285714286,Minor,85.65848214285714,No
364,47838894,110,1792,10939101,5,0.27901785714285715,Minor,85.65848214285714,No
365,47838894,110,1792,11020305,1,0.05580357142857143,Minor,85.65848214285714,No
366,47838894,110,1792,11260967,1,0.05580357142857143,Minor,85.65848214285714,No
367,47838894,110,1792,13133179,1,0.05580357142857143,Minor,85.65848214285714,No
368,47838894,110,1792,13551371,1,0.05580357142857143,Minor,85.65848214285714,No
369,47838894,110,1792,13645662,1,0.05580357142857143,Minor,85.65848214285714,No
370,47838894,110,1792,14347455,3,0.16741071428571427,Minor,85.65848214285714,No
371,47838894,110,1792,28270294,1,0.05580357142857143,Minor,85.65848214285714,No
372,47838894,110,1792,30499692,1,0.05580357142857143,Minor,85.65848214285714,No
373,47838894,110,1792,31770754,1,0.05580357142857143,Minor,85.65848214285714,No
374,47838894,110,1792,32092781,1,0.05580357142857143,Minor,85.65848214285714,No
375,47838894,110,1792,32976720,6,0.33482142857142855,Minor,85.65848214285714,No
376,47838894,110,1792,34480028,1,0.05580357142857143,Minor,85.65848214285714,No
377,47838894,110,1792,34539842,2,0.11160714285714286,Minor,85.65848214285714,No
378,47838894,110,1792,35534962,1,0.05580357142857143,Minor,85.65848214285714,No
379,47838894,110,1792,36287129,18,1.0044642857142858,Minor,85.65848214285714,No
380,47838894,110,1792,36386880,1,0.05580357142857143,Minor,85.65848214285714,No
381,47838894,110,1792,36557761,1,0.05580357142857143,Minor,85.65848214285714,No
382,47838894,110,1792,37202139,1,0.05580357142857143,Minor,85.65848214285714,No
383,47838894,110,1792,37237300,2,0.11160714285714286,Minor,85.65848214285714,No
384,47838894,110,1792,37284458,3,0.16741071428571427,Minor,85.65848214285714,No
385,47838894,110,1792,37794552,2,0.11160714285714286,Minor,85.65848214285714,No
386,47838894,110,1792,38020920,1,0.05580357142857143,Minor,85.65848214285714,No
387,47838894,110,1792,38302005,8,0.44642857142857145,Minor,85.65848214285714,No
388,47838894,110,1792,38513922,1,0.05580357142857143,Minor,85.65848214285714,No
389,47838894,110,1792,38573466,1,0.05580357142857143,Minor,85.65848214285714,No
390,47838894,110,1792,38647626,1,0.05580357142857143,Minor,85.65848214285714,No
391,47838894,110,1792,38781982,2,0.11160714285714286,Minor,85.65848214285714,No
392,47838894,110,1792,39172433,2,0.11160714285714286,Minor,85.65848214285714,No
393,47838894,110,1792,40199093,1,0.05580357142857143,Minor,85.65848214285714,No
394,47838894,110,1792,40432976,3,0.16741071428571427,Minor,85.65848214285714,No
395,47838894,110,1792,41853164,1,0.05580357142857143,Minor,85.65848214285714,No
396,47838894,110,1792,41863985,1,0.05580357142857143,Minor,85.65848214285714,No
397,47838894,110,1792,42438677,1,0.05580357142857143,Minor,85.65848214285714,No
398,47838894,110,1792,42587780,1,0.05580357142857143,Minor,85.65848214285714,No
399,47838894,110,1792,42603186,1,0.05580357142857143,Minor,85.65848214285714,No
400,47838894,110,1792,42660206,1,0.05580357142857143,Minor,85.65848214285714,No
401,47838894,110,1792,42914944,4,0.22321428571428573,Minor,85.65848214285714,No
402,47838894,110,1792,45211096,1,0.05580357142857143,Minor,85.65848214285714,No
403,47838894,110,1792,47212683,1,0.05580357142857143,Minor,85.65848214285714,No
404,47838894,110,1792,50237778,1,0.05580357142857143,Minor,85.65848214285714,No
405,51732151,4,492,978514,24,4.878048780487805,Minor,50.40650406504065,No
406,51732151,4,492,5024030,112,22.764227642276424,Major,50.40650406504065,No
407,51732151,4,492,32434697,248,50.40650406504065,Major,50.40650406504065,Yes
408,51732151,4,492,32512199,108,21.951219512195124,Major,50.40650406504065,No
409,52512066,1,1829,2544745,1829,100.0,Major,100.0,Yes
410,56604179,1,1147,226573,1147,100.0,Major,100.0,Yes
